id,label
1,groupId
2,adventure-group
3,alcohol-group
4,alien-group
5,among-group
6,approach-group
7,arrive-group
8,avoid-group
9,bad-group
10,balance-group
11,bike-group
12,boat-group
13,breakfast-group
14,camera-group
15,capital-group
16,carefully-group
17,catch-group
18,chart-group
19,chemical-group
20,choose-group
21,cloud-group
22,concern-group
23,content-group
24,create-group
25,describe-group
26,doctor-group
27,duck-group
28,during-group
29,enjoy-group
30,evil-group
31,ever-group
32,experiment-group
33,expect-group
34,fail-group
35,football-group
36,frequently-group
37,fun-group
38,game-group
39,grade-group
40,habit-group
41,heart-group
42,instruct-group
43,instead-group
44,invite-group
45,issue-group
46,kilometer-group
47,kill-group
48,laboratory-group
49,laugh-group
50,library-group
51,life-group
52,loud-group
53,love-group
54,month-group
55,nervous-group
56,noise-group
57,none-group
58,often-group
59,patient-group
60,photograph-group
61,planet-group
62,plenty-group
63,positive-group
64,project-group
65,punish-group
66,report-group
67,represent-group
68,scare-group
69,secret-group
70,shake-group
71,shape-group
72,shout-group
73,smell-group
74,solve-group
75,spread-group
76,stroll-group
77,suddenly-group
78,suppose-group
79,terrible-group
80,travel-group
81,typical-group
82,understand-group
83,view-group
84,village-group
85,visit-group
86,weather-group
87,week-group
88,weight-group
89,wine-group
90,agree-group
91,age-group
92,active-group
93,adult-group
94,appropriate-group
95,golf-group
96,increase-group
97,apart-group
98,attribute-group
99,bilingual-group
100,complete-group
101,dash-group
102,disgust-group
103,fashion-group
104,foreign-group
105,gulf-group
106,mirror-group
107,nature-group
108,nowadays-group
109,participate-group
110,ritual-group
111,speak-group
112,sport-group
113,surprise-group
114,tense-group
115,total-group
116,vague-group
117,allow-group
118,announce-group
119,beside-group
120,challenge-group
121,claim-group
122,condition-group
123,contribute-group
124,differ-group
125,divide-group
126,expert-group
127,fame-group
128,force-group
129,harm-group
130,lay-group
131,peace-group
132,prince-group
133,protect-group
134,sense-group
135,sudden-group
136,therefore-group
137,accept-group
138,arrange-group
139,attend-group
140,chase-group
141,contrast-group
142,encourage-group
143,familiar-group
144,grab-group
145,hang-group
146,huge-group